{
    "hpolib": {
        "activation_fn_1": [
            "relu",
            "tanh"
        ],
        "activation_fn_2": [
            "relu",
            "tanh"
        ],
        "batch_size": [
            8,
            16,
            32,
            64
        ],
        "dropout_1": [
            0.0,
            0.3,
            0.6
        ],
        "dropout_2": [
            0.0,
            0.3,
            0.6
        ],
        "init_lr": [
            5e-4,
            1e-3,
            5e-3,
            1e-2,
            5e-2,
            1e-1
        ],
        "lr_schedule": [
            "cosine",
            "const"
        ],
        "n_units_1": [
            16,
            32,
            64,
            128,
            256,
            512
        ],
        "n_units_2": [
            16,
            32,
            64,
            128,
            256,
            512
        ]
    },
    "hpobench": {
        "alpha": [
            1e-08,
            7.742637e-08,
            5.994842e-07,
            4.641589e-06,
            3.5938137e-05,
            0.00027825593,
            0.0021544348,
            0.016681006,
            0.12915497,
            1
        ],
        "batch_size": [
            4,
            6,
            10,
            16,
            25,
            40,
            64,
            101,
            161,
            256
        ],
        "depth": [
            1,
            2,
            3
        ],
        "learning_rate_init": [
            1e-05,
            3.5938137e-05,
            0.00012915497,
            0.0004641589,
            0.0016681006,
            0.0059948424,
            0.021544347,
            0.07742637,
            0.27825594,
            1
        ],
        "width": [
            16,
            25,
            40,
            64,
            101,
            161,
            256,
            406,
            645,
            1024
        ]
    },
    "jahs-bench-201": {
        "N": [
            1,
            3,
            5
        ],
        "W": [
            4,
            8,
            16
        ],
        "Activation": [
            "ReLU",
            "Hardswish",
            "Mish"
        ],
        "TrivialAugment": [
            true,
            false
        ],
        "Op1": [
            0,
            1,
            2,
            3,
            4
        ],
        "Op2": [
            0,
            1,
            2,
            3,
            4
        ],
        "Op3": [
            0,
            1,
            2,
            3,
            4
        ],
        "Op4": [
            0,
            1,
            2,
            3,
            4
        ],
        "Op5": [
            0,
            1,
            2,
            3,
            4
        ],
        "Op6": [
            0,
            1,
            2,
            3,
            4
        ]
    }
}